Evidence type,Manual positives,AI positives,TP,FP,TN,FN,Accuracy,Sensitivity,Specificity,PPV,NPV,F1
marriage,143,128,127,1,94,16,0.9285714285714286,0.8881118881118881,0.9894736842105263,0.9921875,0.8545454545454545,0.9372693726937269
self_illness,35,28,24,4,199,11,0.9369747899159664,0.6857142857142857,0.9802955665024631,0.8571428571428571,0.9476190476190476,0.7619047619047619
family_illness,87,119,73,46,105,14,0.7478991596638656,0.8390804597701149,0.695364238410596,0.6134453781512605,0.8823529411764706,0.7087378640776699
spouse_location,108,138,106,32,98,2,0.8571428571428571,0.9814814814814815,0.7538461538461538,0.7681159420289855,0.98,0.8617886178861789
oku_self_or_family,15,12,11,1,222,4,0.9789915966386554,0.7333333333333333,0.9955156950672646,0.9166666666666666,0.9823008849557522,0.8148148148148148
medex_other_exam,81,93,74,19,138,7,0.8907563025210085,0.9135802469135802,0.8789808917197452,0.7956989247311828,0.9517241379310345,0.8505747126436781
